LIN,NEW_3_1
45.70306,100.719362
140.777787,404.450163
35.927075,589.503321
83.470557,164.113145
236.937955,326.308991
342.934118,553.764731
197.22925,269.803833
49.411038,141.812656
7.867598,58.946199
80.800789,546.683427
22.133803,363.690756
55.04734,144.732412
5.757618,23.994623
127.521632,326.517501
170.249848,356.52568
26.106061,710.377754
77.505924,229.515776
548.896833,778.656456
567.574441,315.694662
1077.087486,874.433078
40.611675,241.016212
333.538392,594.078253
