MEM2,MEM3
4.803997,5.05684
5.237966,13.278088
5.565761,9.759577
7.017597,12.843527
8.553167,6.36843
11.781493,30.446194
5.307115,4.926176
3.581163,8.962772
2.040574,1.988548
7.587277,22.507365
4.747318,5.168054
2.942315,5.449278
1.890589,2.184415
6.706582,6.715732
5.905702,4.910376
5.270796,63.478164
5.402403,11.116901
48.039695,109.580876
36.326804,42.145907
6.478181,46.182213
5.159451,4.216312
4.77062,8.039076
