LIN,S4_V7_D1
57.389307,102.736032
321.430849,383.291553
529.690471,983.46654
143.933313,411.018694
191.014535,474.278057
208.912412,615.389916
124.718413,333.919449
131.991634,468.414833
12.363732,177.579792
116.321471,621.10814
46.898024,366.067594
151.462171,310.701651
4.499881,26.530095
152.48223,465.719675
66.098447,250.347545
367.933353,777.504795
80.032364,362.656463
462.128002,936.081767
136.67402,607.952807
609.987547,1315.11517
51.74836,360.130537
194.543342,714.593227
