LIN,NEW_3_7
57.389307,68.784153
321.430849,330.828633
529.690471,669.717228
143.933313,89.358448
191.014535,368.492766
208.912412,354.784206
124.718413,258.75275
131.991634,176.086317
12.363732,68.127516
116.321471,379.813782
46.898024,176.143226
151.462171,89.744832
4.499881,9.657116
152.48223,265.286918
66.098447,247.909983
367.933353,643.159443
80.032364,119.084155
462.128002,412.277874
136.67402,265.396658
609.987547,836.982616
51.74836,151.864275
194.543342,399.008831
