LIN,NEW_3_1
22.622475,100.719362
17.060091,404.450163
106.316168,589.503321
96.078215,164.113145
78.802736,326.308991
357.399834,553.764731
7.7924,269.803833
5.002107,141.812656
3.641912,58.946199
36.289035,546.683427
6.18314,363.690756
13.815736,144.732412
1.798211,23.994623
90.037521,326.517501
156.162032,356.52568
18.894119,710.377754
23.183183,229.515776
69.722574,778.656456
552.452211,315.694662
1046.799808,874.433078
22.336177,241.016212
49.240266,594.078253
