LIN,S4_V7_D1
58.04622,102.736032
171.017407,383.291553
285.051978,983.46654
242.70854,411.018694
116.720221,474.278057
186.825026,615.389916
53.496732,333.919449
6.675974,468.414833
6.523075,177.579792
278.494963,621.10814
4.984589,366.067594
22.336165,310.701651
1.747647,26.530095
142.917818,465.719675
84.892436,250.347545
466.080479,777.504795
42.044755,362.656463
533.905653,936.081767
199.693311,607.952807
72.643093,1315.11517
27.822177,360.130537
83.803322,714.593227
