LIN,NEW_3_7
58.04622,49.334329
171.017407,214.438947
285.051978,447.895636
242.70854,54.806696
116.720221,192.626158
186.825026,243.895124
53.496732,98.459745
6.675974,85.876767
6.523075,6.554514
278.494963,268.217245
4.984589,41.605989
22.336165,40.250874
1.747647,2.545966
142.917818,206.500272
84.892436,75.802215
466.080479,721.249968
42.044755,129.795768
533.905653,546.628577
199.693311,190.805268
72.643093,723.65123
27.822177,78.215893
83.803322,305.832013
